Assign Equipment ID,PO Numbers:,Booking Number,Shipment Load Type,Invoice Number,BL / Waybill #,Select Carrier,Updated Transload Location (US Only),Estimated Departure Date,Equipment # Type,Seal Number,CTN QTY,UNITS
JV4206,3000040719,NA,"CFS: LCL, consolidator lod",881,1670043896,DHL,,"November 3, 2023","Air, Unknown Size",000,1,1
JV4206,3000042012,NA,"CFS: LCL, consolidator lod",881,1670043896,DHL,,"November 3, 2023","Air, Unknown Size",000,1,1
JV4206,3000042026,NA,"CFS: LCL, consolidator lod",881,1670043896,DHL,,"November 3, 2023","Air, Unknown Size",000,1,1
JV4206,3000042056,NA,"CFS: LCL, consolidator lod",881,1670043896,DHL,,"November 3, 2023","Air, Unknown Size",000,1,1
JV4206,3000042071,NA,"CFS: LCL, consolidator lod",881,1670043896,DHL,,"November 3, 2023","Air, Unknown Size",000,1,1
JV4206,3000042083,NA,"CFS: LCL, consolidator lod",881,1670043896,DHL,,"November 3, 2023","Air, Unknown Size",000,1,1
JV4206,3000042096,NA,"CFS: LCL, consolidator lod",881,1670043896,DHL,,"November 3, 2023","Air, Unknown Size",000,1,1
JV4206,3000042104,NA,"CFS: LCL, consolidator lod",881,1670043896,DHL,,"November 3, 2023","Air, Unknown Size",000,1,1
JV4206,3000042112,NA,"CFS: LCL, consolidator lod",881,1670043896,DHL,,"November 3, 2023","Air, Unknown Size",000,1,1
JV4206,3000042123,NA,"CFS: LCL, consolidator lod",881,1670043896,DHL,,"November 3, 2023","Air, Unknown Size",000,1,1
JV4206,3000042681,NA,"CFS: LCL, consolidator lod",881,1670043896,DHL,,"November 3, 2023","Air, Unknown Size",000,1,1
JV4206,3000042692,NA,"CFS: LCL, consolidator lod",881,1670043896,DHL,,"November 3, 2023","Air, Unknown Size",000,1,1
JV4206,3000058056,NA,"CFS: LCL, consolidator lod",881,1670043896,DHL,,"November 3, 2023","Air, Unknown Size",000,1,1
JV4206,3000036111,NA,"CFS: LCL, consolidator lod",889,8570648715,DHL,,"November 3, 2023","Air, Unknown Size",000,1,1
JV4206,3000036123,NA,"CFS: LCL, consolidator lod",889,8570648715,DHL,,"November 3, 2023","Air, Unknown Size",000,1,1
JV4206,3000036165,NA,"CFS: LCL, consolidator lod",889,8570648715,DHL,,"November 3, 2023","Air, Unknown Size",000,1,1
JV4206,3000036191,NA,"CFS: LCL, consolidator lod",889,8570648715,DHL,,"November 3, 2023","Air, Unknown Size",000,1,1
JV4206,3000036203,NA,"CFS: LCL, consolidator lod",889,8570648715,DHL,,"November 3, 2023","Air, Unknown Size",000,1,1
JV4206,3000036247,NA,"CFS: LCL, consolidator lod",889,8570648715,DHL,,"November 3, 2023","Air, Unknown Size",000,1,1
JV4206,3000036280,NA,"CFS: LCL, consolidator lod",889,8570648715,DHL,,"November 3, 2023","Air, Unknown Size",000,1,1
JV4206,3000036303,NA,"CFS: LCL, consolidator lod",889,8570648715,DHL,,"November 3, 2023","Air, Unknown Size",000,1,1
JV4206,3000036357,NA,"CFS: LCL, consolidator lod",889,8570648715,DHL,,"November 3, 2023","Air, Unknown Size",000,1,1
JV4206,3000036371,NA,"CFS: LCL, consolidator lod",889,8570648715,DHL,,"November 3, 2023","Air, Unknown Size",000,1,1
JV4206,3000036426,NA,"CFS: LCL, consolidator lod",889,8570648715,DHL,,"November 3, 2023","Air, Unknown Size",000,1,1
JV4206,3000058059,NA,"CFS: LCL, consolidator lod",889,8570648715,DHL,,"November 3, 2023","Air, Unknown Size",000,1,1
JV4206,3000036440,NA,"CFS: LCL, consolidator lod",889,8570648715,DHL,,"November 3, 2023","Air, Unknown Size",000,1,1
JV4206,3000036454,NA,"CFS: LCL, consolidator lod",889,8570648715,DHL,,"November 3, 2023","Air, Unknown Size",000,1,1
JV4206,3000036466,NA,"CFS: LCL, consolidator lod",889,8570648715,DHL,,"November 3, 2023","Air, Unknown Size",000,1,1
JV4206,3000036475,NA,"CFS: LCL, consolidator lod",889,8570648715,DHL,,"November 3, 2023","Air, Unknown Size",000,1,1
JV4206,3000036487,NA,"CFS: LCL, consolidator lod",889,8570648715,DHL,,"November 3, 2023","Air, Unknown Size",000,1,1
JV4206,3000036527,NA,"CFS: LCL, consolidator lod",889,8570648715,DHL,,"November 3, 2023","Air, Unknown Size",000,1,1
JV4206,3000036542,NA,"CFS: LCL, consolidator lod",889,8570648715,DHL,,"November 3, 2023","Air, Unknown Size",000,1,1
JV4206,3000036581,NA,"CFS: LCL, consolidator lod",889,8570648715,DHL,,"November 3, 2023","Air, Unknown Size",000,1,1
JV4206,3000036613,NA,"CFS: LCL, consolidator lod",889,8570648715,DHL,,"November 3, 2023","Air, Unknown Size",000,1,1
JV4206,3000036625,NA,"CFS: LCL, consolidator lod",889,8570648715,DHL,,"November 3, 2023","Air, Unknown Size",000,1,1
JV4206,3000036631,NA,"CFS: LCL, consolidator lod",889,8570648715,DHL,,"November 3, 2023","Air, Unknown Size",000,1,1
JV4206,3000036641,NA,"CFS: LCL, consolidator lod",889,8570648715,DHL,,"November 3, 2023","Air, Unknown Size",000,1,1
JV4206,3000036653,NA,"CFS: LCL, consolidator lod",889,8570648715,DHL,,"November 3, 2023","Air, Unknown Size",000,1,1
JV4206,3000036663,NA,"CFS: LCL, consolidator lod",889,8570648715,DHL,,"November 3, 2023","Air, Unknown Size",000,1,1
JV4206,3000036678,NA,"CFS: LCL, consolidator lod",889,8570648715,DHL,,"November 3, 2023","Air, Unknown Size",000,1,1
JV4206,3000036683,NA,"CFS: LCL, consolidator lod",889,8570648715,DHL,,"November 3, 2023","Air, Unknown Size",000,1,1
JV4206,3000036694,NA,"CFS: LCL, consolidator lod",889,8570648715,DHL,,"November 3, 2023","Air, Unknown Size",000,1,1
JV4206,3000037414,NA,"CFS: LCL, consolidator lod",889,8570648715,DHL,,"November 3, 2023","Air, Unknown Size",000,1,1
JV4206,3000037425,NA,"CFS: LCL, consolidator lod",889,8570648715,DHL,,"November 3, 2023","Air, Unknown Size",000,1,1
JV4206,3000037431,NA,"CFS: LCL, consolidator lod",889,8570648715,DHL,,"November 3, 2023","Air, Unknown Size",000,1,1
JV4206,3000037439,NA,"CFS: LCL, consolidator lod",889,8570648715,DHL,,"November 3, 2023","Air, Unknown Size",000,1,1
JV4206,3000037448,NA,"CFS: LCL, consolidator lod",889,8570648715,DHL,,"November 3, 2023","Air, Unknown Size",000,1,1
JV4206,3000037481,NA,"CFS: LCL, consolidator lod",889,8570648715,DHL,,"November 3, 2023","Air, Unknown Size",000,1,1
JV4206,3000037492,NA,"CFS: LCL, consolidator lod",889,8570648715,DHL,,"November 3, 2023","Air, Unknown Size",000,1,1
JV4206,3000037503,NA,"CFS: LCL, consolidator lod",889,8570648715,DHL,,"November 3, 2023","Air, Unknown Size",000,1,1
JV4206,3000037512,NA,"CFS: LCL, consolidator lod",889,8570648715,DHL,,"November 3, 2023","Air, Unknown Size",000,1,1
JV4206,3000037523,NA,"CFS: LCL, consolidator lod",889,8570648715,DHL,,"November 3, 2023","Air, Unknown Size",000,1,1
JV4206,3000037570,NA,"CFS: LCL, consolidator lod",889,8570648715,DHL,,"November 3, 2023","Air, Unknown Size",000,1,1
JV4206,3000037581,NA,"CFS: LCL, consolidator lod",889,8570648715,DHL,,"November 3, 2023","Air, Unknown Size",000,1,1
JV4206,3000037589,NA,"CFS: LCL, consolidator lod",889,8570648715,DHL,,"November 3, 2023","Air, Unknown Size",000,1,1
JV4206,3000037603,NA,"CFS: LCL, consolidator lod",889,8570648715,DHL,,"November 3, 2023","Air, Unknown Size",000,1,1
JV4206,3000037637,NA,"CFS: LCL, consolidator lod",889,8570648715,DHL,,"November 3, 2023","Air, Unknown Size",000,1,1
JV4206,3000037651,NA,"CFS: LCL, consolidator lod",889,8570648715,DHL,,"November 3, 2023","Air, Unknown Size",000,1,1
JV4206,3000037668,NA,"CFS: LCL, consolidator lod",889,8570648715,DHL,,"November 3, 2023","Air, Unknown Size",000,1,1
JV4206,3000037719,NA,"CFS: LCL, consolidator lod",889,8570648715,DHL,,"November 3, 2023","Air, Unknown Size",000,1,1
JV4206,3000037727,NA,"CFS: LCL, consolidator lod",889,8570648715,DHL,,"November 3, 2023","Air, Unknown Size",000,1,1
JV4206,3000037739,NA,"CFS: LCL, consolidator lod",889,8570648715,DHL,,"November 3, 2023","Air, Unknown Size",000,1,1
JV4206,3000037790,NA,"CFS: LCL, consolidator lod",889,8570648715,DHL,,"November 3, 2023","Air, Unknown Size",000,1,1
JV4206,3000038235,NA,"CFS: LCL, consolidator lod",889,8570648715,DHL,,"November 3, 2023","Air, Unknown Size",000,1,1
JV4206,3000038243,NA,"CFS: LCL, consolidator lod",889,8570648715,DHL,,"November 3, 2023","Air, Unknown Size",000,1,1
JV4206,3000038340,NA,"CFS: LCL, consolidator lod",889,8570648715,DHL,,"November 3, 2023","Air, Unknown Size",000,1,1
JV4206,3000038706,NA,"CFS: LCL, consolidator lod",889,8570648715,DHL,,"November 3, 2023","Air, Unknown Size",000,1,1
JV4206,3000038715,NA,"CFS: LCL, consolidator lod",889,8570648715,DHL,,"November 3, 2023","Air, Unknown Size",000,1,1
JV4206,3000038723,NA,"CFS: LCL, consolidator lod",889,8570648715,DHL,,"November 3, 2023","Air, Unknown Size",000,1,1
JV4206,3000038829,NA,"CFS: LCL, consolidator lod",889,8570648715,DHL,,"November 3, 2023","Air, Unknown Size",000,1,1
JV4206,3000038835,NA,"CFS: LCL, consolidator lod",889,8570648715,DHL,,"November 3, 2023","Air, Unknown Size",000,1,1
JV4206,3000038851,NA,"CFS: LCL, consolidator lod",889,8570648715,DHL,,"November 3, 2023","Air, Unknown Size",000,1,1
JV4206,3000038858,NA,"CFS: LCL, consolidator lod",889,8570648715,DHL,,"November 3, 2023","Air, Unknown Size",000,1,1
JV4206,3000038873,NA,"CFS: LCL, consolidator lod",889,8570648715,DHL,,"November 3, 2023","Air, Unknown Size",000,1,1
JV4206,3000038883,NA,"CFS: LCL, consolidator lod",889,8570648715,DHL,,"November 3, 2023","Air, Unknown Size",000,1,1
JV4206,3000039006,NA,"CFS: LCL, consolidator lod",889,8570648715,DHL,,"November 3, 2023","Air, Unknown Size",000,1,1
JV4206,3000039196,NA,"CFS: LCL, consolidator lod",889,8570648715,DHL,,"November 3, 2023","Air, Unknown Size",000,1,1
JV4206,3000039208,NA,"CFS: LCL, consolidator lod",889,8570648715,DHL,,"November 3, 2023","Air, Unknown Size",000,1,1
JV4206,3000039232,NA,"CFS: LCL, consolidator lod",889,8570648715,DHL,,"November 3, 2023","Air, Unknown Size",000,1,1
JV4206,3000039872,NA,"CFS: LCL, consolidator lod",889,8570648715,DHL,,"November 3, 2023","Air, Unknown Size",000,1,1
JV4206,3000039882,NA,"CFS: LCL, consolidator lod",889,8570648715,DHL,,"November 3, 2023","Air, Unknown Size",000,1,1
JV4206,3000039895,NA,"CFS: LCL, consolidator lod",889,8570648715,DHL,,"November 3, 2023","Air, Unknown Size",000,1,1
JV4206,3000039943,NA,"CFS: LCL, consolidator lod",889,8570648715,DHL,,"November 3, 2023","Air, Unknown Size",000,1,1
JV4206,3000039955,NA,"CFS: LCL, consolidator lod",889,8570648715,DHL,,"November 3, 2023","Air, Unknown Size",000,1,1
JV4206,3000040126,NA,"CFS: LCL, consolidator lod",889,8570648715,DHL,,"November 3, 2023","Air, Unknown Size",000,1,1
JV4206,3000040132,NA,"CFS: LCL, consolidator lod",889,8570648715,DHL,,"November 3, 2023","Air, Unknown Size",000,1,1
JV4206,3000040167,NA,"CFS: LCL, consolidator lod",889,8570648715,DHL,,"November 3, 2023","Air, Unknown Size",000,1,1
JV4206,3000040510,NA,"CFS: LCL, consolidator lod",889,8570648715,DHL,,"November 3, 2023","Air, Unknown Size",000,1,1
JV4206,3000040568,NA,"CFS: LCL, consolidator lod",889,8570648715,DHL,,"November 3, 2023","Air, Unknown Size",000,1,1
JV4206,3000040577,NA,"CFS: LCL, consolidator lod",889,8570648715,DHL,,"November 3, 2023","Air, Unknown Size",000,1,1
JV4206,3000040679,NA,"CFS: LCL, consolidator lod",889,8570648715,DHL,,"November 3, 2023","Air, Unknown Size",000,1,1
JV4206,3000040691,NA,"CFS: LCL, consolidator lod",889,8570648715,DHL,,"November 3, 2023","Air, Unknown Size",000,1,1
JV4206,3000040707,NA,"CFS: LCL, consolidator lod",889,8570648715,DHL,,"November 3, 2023","Air, Unknown Size",000,1,1
JV4206,3000040720,NA,"CFS: LCL, consolidator lod",889,8570648715,DHL,,"November 3, 2023","Air, Unknown Size",000,1,1
JV4206,3000042014,NA,"CFS: LCL, consolidator lod",889,8570648715,DHL,,"November 3, 2023","Air, Unknown Size",000,1,1
JV4206,3000042028,NA,"CFS: LCL, consolidator lod",889,8570648715,DHL,,"November 3, 2023","Air, Unknown Size",000,1,1
JV4206,3000042057,NA,"CFS: LCL, consolidator lod",889,8570648715,DHL,,"November 3, 2023","Air, Unknown Size",000,1,1
JV4206,3000042073,NA,"CFS: LCL, consolidator lod",889,8570648715,DHL,,"November 3, 2023","Air, Unknown Size",000,1,1
JV4206,3000042086,NA,"CFS: LCL, consolidator lod",889,8570648715,DHL,,"November 3, 2023","Air, Unknown Size",000,1,1
JV4206,3000042098,NA,"CFS: LCL, consolidator lod",889,8570648715,DHL,,"November 3, 2023","Air, Unknown Size",000,1,1
JV4206,3000042105,NA,"CFS: LCL, consolidator lod",889,8570648715,DHL,,"November 3, 2023","Air, Unknown Size",000,1,1
JV4206,3000042114,NA,"CFS: LCL, consolidator lod",889,8570648715,DHL,,"November 3, 2023","Air, Unknown Size",000,1,1
JV4206,3000042124,NA,"CFS: LCL, consolidator lod",889,8570648715,DHL,,"November 3, 2023","Air, Unknown Size",000,1,1
JV4206,3000042682,NA,"CFS: LCL, consolidator lod",889,8570648715,DHL,,"November 3, 2023","Air, Unknown Size",000,1,1
JV4206,3000042694,NA,"CFS: LCL, consolidator lod",889,8570648715,DHL,,"November 3, 2023","Air, Unknown Size",000,1,1
JV4206,3000036112,NA,"CFS: LCL, consolidator lod",890,1670245021,DHL,,"November 3, 2023","Air, Unknown Size",000,1,1
JV4206,3000036124,NA,"CFS: LCL, consolidator lod",890,1670245021,DHL,,"November 3, 2023","Air, Unknown Size",000,1,1
JV4206,3000036166,NA,"CFS: LCL, consolidator lod",890,1670245021,DHL,,"November 3, 2023","Air, Unknown Size",000,1,1
JV4206,3000036192,NA,"CFS: LCL, consolidator lod",890,1670245021,DHL,,"November 3, 2023","Air, Unknown Size",000,1,1
JV4206,3000036204,NA,"CFS: LCL, consolidator lod",890,1670245021,DHL,,"November 3, 2023","Air, Unknown Size",000,1,1
JV4206,3000036248,NA,"CFS: LCL, consolidator lod",890,1670245021,DHL,,"November 3, 2023","Air, Unknown Size",000,1,1
JV4206,3000036305,NA,"CFS: LCL, consolidator lod",890,1670245021,DHL,,"November 3, 2023","Air, Unknown Size",000,1,1
JV4206,3000036355,NA,"CFS: LCL, consolidator lod",890,1670245021,DHL,,"November 3, 2023","Air, Unknown Size",000,1,1
JV4206,3000036372,NA,"CFS: LCL, consolidator lod",890,1670245021,DHL,,"November 3, 2023","Air, Unknown Size",000,1,1
JV4206,3000036427,NA,"CFS: LCL, consolidator lod",890,1670245021,DHL,,"November 3, 2023","Air, Unknown Size",000,1,1
JV4206,3000058060,NA,"CFS: LCL, consolidator lod",890,1670245021,DHL,,"November 3, 2023","Air, Unknown Size",000,1,1
JV4206,3000036441,NA,"CFS: LCL, consolidator lod",890,1670245021,DHL,,"November 3, 2023","Air, Unknown Size",000,1,1
JV4206,3000036455,NA,"CFS: LCL, consolidator lod",890,1670245021,DHL,,"November 3, 2023","Air, Unknown Size",000,1,1
JV4206,3000036467,NA,"CFS: LCL, consolidator lod",890,1670245021,DHL,,"November 3, 2023","Air, Unknown Size",000,1,1
JV4206,3000036476,NA,"CFS: LCL, consolidator lod",890,1670245021,DHL,,"November 3, 2023","Air, Unknown Size",000,1,1
JV4206,3000036488,NA,"CFS: LCL, consolidator lod",890,1670245021,DHL,,"November 3, 2023","Air, Unknown Size",000,1,1
JV4206,3000036528,NA,"CFS: LCL, consolidator lod",890,1670245021,DHL,,"November 3, 2023","Air, Unknown Size",000,1,1
JV4206,3000036544,NA,"CFS: LCL, consolidator lod",890,1670245021,DHL,,"November 3, 2023","Air, Unknown Size",000,1,1
JV4206,3000036578,NA,"CFS: LCL, consolidator lod",890,1670245021,DHL,,"November 3, 2023","Air, Unknown Size",000,1,1
JV4206,3000036614,NA,"CFS: LCL, consolidator lod",890,1670245021,DHL,,"November 3, 2023","Air, Unknown Size",000,1,1
JV4206,3000036632,NA,"CFS: LCL, consolidator lod",890,1670245021,DHL,,"November 3, 2023","Air, Unknown Size",000,1,1
JV4206,3000036654,NA,"CFS: LCL, consolidator lod",890,1670245021,DHL,,"November 3, 2023","Air, Unknown Size",000,1,1
JV4206,3000036684,NA,"CFS: LCL, consolidator lod",890,1670245021,DHL,,"November 3, 2023","Air, Unknown Size",000,1,1
JV4206,3000036693,NA,"CFS: LCL, consolidator lod",890,1670245021,DHL,,"November 3, 2023","Air, Unknown Size",000,1,1
JV4206,3000037449,NA,"CFS: LCL, consolidator lod",890,1670245021,DHL,,"November 3, 2023","Air, Unknown Size",000,1,1
JV4206,3000037494,NA,"CFS: LCL, consolidator lod",890,1670245021,DHL,,"November 3, 2023","Air, Unknown Size",000,1,1
JV4206,3000037505,NA,"CFS: LCL, consolidator lod",890,1670245021,DHL,,"November 3, 2023","Air, Unknown Size",000,1,1
JV4206,3000037513,NA,"CFS: LCL, consolidator lod",890,1670245021,DHL,,"November 3, 2023","Air, Unknown Size",000,1,1
JV4206,3000037524,NA,"CFS: LCL, consolidator lod",890,1670245021,DHL,,"November 3, 2023","Air, Unknown Size",000,1,1
JV4206,3000037571,NA,"CFS: LCL, consolidator lod",890,1670245021,DHL,,"November 3, 2023","Air, Unknown Size",000,1,1
JV4206,3000037580,NA,"CFS: LCL, consolidator lod",890,1670245021,DHL,,"November 3, 2023","Air, Unknown Size",000,1,1
JV4206,3000037590,NA,"CFS: LCL, consolidator lod",890,1670245021,DHL,,"November 3, 2023","Air, Unknown Size",000,1,1
JV4206,3000037604,NA,"CFS: LCL, consolidator lod",890,1670245021,DHL,,"November 3, 2023","Air, Unknown Size",000,1,1
JV4206,3000037636,NA,"CFS: LCL, consolidator lod",890,1670245021,DHL,,"November 3, 2023","Air, Unknown Size",000,1,1
JV4206,3000037653,NA,"CFS: LCL, consolidator lod",890,1670245021,DHL,,"November 3, 2023","Air, Unknown Size",000,1,1
JV4206,3000037669,NA,"CFS: LCL, consolidator lod",890,1670245021,DHL,,"November 3, 2023","Air, Unknown Size",000,1,1
JV4206,3000037729,NA,"CFS: LCL, consolidator lod",890,1670245021,DHL,,"November 3, 2023","Air, Unknown Size",000,1,1
JV4206,3000037792,NA,"CFS: LCL, consolidator lod",890,1670245021,DHL,,"November 3, 2023","Air, Unknown Size",000,1,1
JV4206,3000038244,NA,"CFS: LCL, consolidator lod",890,1670245021,DHL,,"November 3, 2023","Air, Unknown Size",000,1,1
JV4206,3000038341,NA,"CFS: LCL, consolidator lod",890,1670245021,DHL,,"November 3, 2023","Air, Unknown Size",000,1,1
JV4206,3000038716,NA,"CFS: LCL, consolidator lod",890,1670245021,DHL,,"November 3, 2023","Air, Unknown Size",000,1,1
JV4206,3000038874,NA,"CFS: LCL, consolidator lod",890,1670245021,DHL,,"November 3, 2023","Air, Unknown Size",000,1,1
JV4206,3000038886,NA,"CFS: LCL, consolidator lod",890,1670245021,DHL,,"November 3, 2023","Air, Unknown Size",000,1,1
JV4206,3000039001,NA,"CFS: LCL, consolidator lod",890,1670245021,DHL,,"November 3, 2023","Air, Unknown Size",000,1,1
JV4206,3000039197,NA,"CFS: LCL, consolidator lod",890,1670245021,DHL,,"November 3, 2023","Air, Unknown Size",000,1,1
JV4206,3000039209,NA,"CFS: LCL, consolidator lod",890,1670245021,DHL,,"November 3, 2023","Air, Unknown Size",000,1,1
JV4206,3000039233,NA,"CFS: LCL, consolidator lod",890,1670245021,DHL,,"November 3, 2023","Air, Unknown Size",000,1,1
JV4206,3000039944,NA,"CFS: LCL, consolidator lod",890,1670245021,DHL,,"November 3, 2023","Air, Unknown Size",000,1,1
JV4206,3000039954,NA,"CFS: LCL, consolidator lod",890,1670245021,DHL,,"November 3, 2023","Air, Unknown Size",000,1,1
JV4206,3000040127,NA,"CFS: LCL, consolidator lod",890,1670245021,DHL,,"November 3, 2023","Air, Unknown Size",000,1,1
JV4206,3000040133,NA,"CFS: LCL, consolidator lod",890,1670245021,DHL,,"November 3, 2023","Air, Unknown Size",000,1,1
JV4206,3000040168,NA,"CFS: LCL, consolidator lod",890,1670245021,DHL,,"November 3, 2023","Air, Unknown Size",000,1,1
JV4206,3000040512,NA,"CFS: LCL, consolidator lod",890,1670245021,DHL,,"November 3, 2023","Air, Unknown Size",000,1,1
JV4206,3000040680,NA,"CFS: LCL, consolidator lod",890,1670245021,DHL,,"November 3, 2023","Air, Unknown Size",000,1,1
JV4206,3000040692,NA,"CFS: LCL, consolidator lod",890,1670245021,DHL,,"November 3, 2023","Air, Unknown Size",000,1,1
JV4206,3000040705,NA,"CFS: LCL, consolidator lod",890,1670245021,DHL,,"November 3, 2023","Air, Unknown Size",000,1,1
JV4206,3000042013,NA,"CFS: LCL, consolidator lod",890,1670245021,DHL,,"November 3, 2023","Air, Unknown Size",000,1,1
JV4206,3000042027,NA,"CFS: LCL, consolidator lod",890,1670245021,DHL,,"November 3, 2023","Air, Unknown Size",000,1,1
JV4206,3000042058,NA,"CFS: LCL, consolidator lod",890,1670245021,DHL,,"November 3, 2023","Air, Unknown Size",000,1,1
JV4206,3000042074,NA,"CFS: LCL, consolidator lod",890,1670245021,DHL,,"November 3, 2023","Air, Unknown Size",000,1,1
JV4206,3000042085,NA,"CFS: LCL, consolidator lod",890,1670245021,DHL,,"November 3, 2023","Air, Unknown Size",000,1,1
JV4206,3000042097,NA,"CFS: LCL, consolidator lod",890,1670245021,DHL,,"November 3, 2023","Air, Unknown Size",000,1,1
JV4206,3000042106,NA,"CFS: LCL, consolidator lod",890,1670245021,DHL,,"November 3, 2023","Air, Unknown Size",000,1,1
JV4206,3000042113,NA,"CFS: LCL, consolidator lod",890,1670245021,DHL,,"November 3, 2023","Air, Unknown Size",000,1,1
JV4206,3000042126,NA,"CFS: LCL, consolidator lod",890,1670245021,DHL,,"November 3, 2023","Air, Unknown Size",000,1,1
JV4206,3000042683,NA,"CFS: LCL, consolidator lod",890,1670245021,DHL,,"November 3, 2023","Air, Unknown Size",000,1,1
JV4206,3000042693,NA,"CFS: LCL, consolidator lod",890,1670245021,DHL,,"November 3, 2023","Air, Unknown Size",000,1,1
JV4206,3000036114,NA,"CFS: LCL, consolidator lod",891,1670255274,DHL,,"November 3, 2023","Air, Unknown Size",000,1,1
JV4206,3000036125,NA,"CFS: LCL, consolidator lod",891,1670255274,DHL,,"November 3, 2023","Air, Unknown Size",000,1,1
JV4206,3000036169,NA,"CFS: LCL, consolidator lod",891,1670255274,DHL,,"November 3, 2023","Air, Unknown Size",000,1,1
JV4206,3000036194,NA,"CFS: LCL, consolidator lod",891,1670255274,DHL,,"November 3, 2023","Air, Unknown Size",000,1,1
JV4206,3000036249,NA,"CFS: LCL, consolidator lod",891,1670255274,DHL,,"November 3, 2023","Air, Unknown Size",000,1,1
JV4206,3000036279,NA,"CFS: LCL, consolidator lod",891,1670255274,DHL,,"November 3, 2023","Air, Unknown Size",000,1,1
JV4206,3000036306,NA,"CFS: LCL, consolidator lod",891,1670255274,DHL,,"November 3, 2023","Air, Unknown Size",000,1,1
JV4206,3000036359,NA,"CFS: LCL, consolidator lod",891,1670255274,DHL,,"November 3, 2023","Air, Unknown Size",000,1,1
JV4206,3000036373,NA,"CFS: LCL, consolidator lod",891,1670255274,DHL,,"November 3, 2023","Air, Unknown Size",000,1,1
JV4206,3000036428,NA,"CFS: LCL, consolidator lod",891,1670255274,DHL,,"November 3, 2023","Air, Unknown Size",000,1,1
JV4206,3000058061,NA,"CFS: LCL, consolidator lod",891,1670255274,DHL,,"November 3, 2023","Air, Unknown Size",000,1,1
JV4206,3000036442,NA,"CFS: LCL, consolidator lod",891,1670255274,DHL,,"November 3, 2023","Air, Unknown Size",000,1,1
JV4206,3000036457,NA,"CFS: LCL, consolidator lod",891,1670255274,DHL,,"November 3, 2023","Air, Unknown Size",000,1,1
JV4206,3000036468,NA,"CFS: LCL, consolidator lod",891,1670255274,DHL,,"November 3, 2023","Air, Unknown Size",000,1,1
JV4206,3000036477,NA,"CFS: LCL, consolidator lod",891,1670255274,DHL,,"November 3, 2023","Air, Unknown Size",000,1,1
JV4206,3000036489,NA,"CFS: LCL, consolidator lod",891,1670255274,DHL,,"November 3, 2023","Air, Unknown Size",000,1,1
JV4206,3000036529,NA,"CFS: LCL, consolidator lod",891,1670255274,DHL,,"November 3, 2023","Air, Unknown Size",000,1,1
JV4206,3000036543,NA,"CFS: LCL, consolidator lod",891,1670255274,DHL,,"November 3, 2023","Air, Unknown Size",000,1,1
JV4206,3000036583,NA,"CFS: LCL, consolidator lod",891,1670255274,DHL,,"November 3, 2023","Air, Unknown Size",000,1,1
JV4206,3000036615,NA,"CFS: LCL, consolidator lod",891,1670255274,DHL,,"November 3, 2023","Air, Unknown Size",000,1,1
JV4206,3000036626,NA,"CFS: LCL, consolidator lod",891,1670255274,DHL,,"November 3, 2023","Air, Unknown Size",000,1,1
JV4206,3000036634,NA,"CFS: LCL, consolidator lod",891,1670255274,DHL,,"November 3, 2023","Air, Unknown Size",000,1,1
JV4206,3000036639,NA,"CFS: LCL, consolidator lod",891,1670255274,DHL,,"November 3, 2023","Air, Unknown Size",000,1,1
JV4206,3000036655,NA,"CFS: LCL, consolidator lod",891,1670255274,DHL,,"November 3, 2023","Air, Unknown Size",000,1,1
JV4206,3000036666,NA,"CFS: LCL, consolidator lod",891,1670255274,DHL,,"November 3, 2023","Air, Unknown Size",000,1,1
JV4206,3000036677,NA,"CFS: LCL, consolidator lod",891,1670255274,DHL,,"November 3, 2023","Air, Unknown Size",000,1,1
JV4206,3000036685,NA,"CFS: LCL, consolidator lod",891,1670255274,DHL,,"November 3, 2023","Air, Unknown Size",000,1,1
JV4206,3000036695,NA,"CFS: LCL, consolidator lod",891,1670255274,DHL,,"November 3, 2023","Air, Unknown Size",000,1,1
JV4206,3000037413,NA,"CFS: LCL, consolidator lod",891,1670255274,DHL,,"November 3, 2023","Air, Unknown Size",000,1,1
JV4206,3000037427,NA,"CFS: LCL, consolidator lod",891,1670255274,DHL,,"November 3, 2023","Air, Unknown Size",000,1,1
JV4206,3000037433,NA,"CFS: LCL, consolidator lod",891,1670255274,DHL,,"November 3, 2023","Air, Unknown Size",000,1,1
JV4206,3000037441,NA,"CFS: LCL, consolidator lod",891,1670255274,DHL,,"November 3, 2023","Air, Unknown Size",000,1,1
JV4206,3000037450,NA,"CFS: LCL, consolidator lod",891,1670255274,DHL,,"November 3, 2023","Air, Unknown Size",000,1,1
JV4206,3000037483,NA,"CFS: LCL, consolidator lod",891,1670255274,DHL,,"November 3, 2023","Air, Unknown Size",000,1,1
JV4206,3000037495,NA,"CFS: LCL, consolidator lod",891,1670255274,DHL,,"November 3, 2023","Air, Unknown Size",000,1,1
JV4206,3000037504,NA,"CFS: LCL, consolidator lod",891,1670255274,DHL,,"November 3, 2023","Air, Unknown Size",000,1,1
JV4206,3000037514,NA,"CFS: LCL, consolidator lod",891,1670255274,DHL,,"November 3, 2023","Air, Unknown Size",000,1,1
JV4206,3000037525,NA,"CFS: LCL, consolidator lod",891,1670255274,DHL,,"November 3, 2023","Air, Unknown Size",000,1,1
JV4206,3000037572,NA,"CFS: LCL, consolidator lod",891,1670255274,DHL,,"November 3, 2023","Air, Unknown Size",000,1,1
JV4206,3000037582,NA,"CFS: LCL, consolidator lod",891,1670255274,DHL,,"November 3, 2023","Air, Unknown Size",000,1,1
JV4206,3000037591,NA,"CFS: LCL, consolidator lod",891,1670255274,DHL,,"November 3, 2023","Air, Unknown Size",000,1,1
JV4206,3000037605,NA,"CFS: LCL, consolidator lod",891,1670255274,DHL,,"November 3, 2023","Air, Unknown Size",000,1,1
JV4206,3000037638,NA,"CFS: LCL, consolidator lod",891,1670255274,DHL,,"November 3, 2023","Air, Unknown Size",000,1,1
JV4206,3000037654,NA,"CFS: LCL, consolidator lod",891,1670255274,DHL,,"November 3, 2023","Air, Unknown Size",000,1,1
JV4206,3000037670,NA,"CFS: LCL, consolidator lod",891,1670255274,DHL,,"November 3, 2023","Air, Unknown Size",000,1,1
JV4206,3000037793,NA,"CFS: LCL, consolidator lod",891,1670255274,DHL,,"November 3, 2023","Air, Unknown Size",000,1,1
JV4206,3000038342,NA,"CFS: LCL, consolidator lod",891,1670255274,DHL,,"November 3, 2023","Air, Unknown Size",000,1,1
JV4206,3000038707,NA,"CFS: LCL, consolidator lod",891,1670255274,DHL,,"November 3, 2023","Air, Unknown Size",000,1,1
JV4206,3000038718,NA,"CFS: LCL, consolidator lod",891,1670255274,DHL,,"November 3, 2023","Air, Unknown Size",000,1,1
JV4206,3000038724,NA,"CFS: LCL, consolidator lod",891,1670255274,DHL,,"November 3, 2023","Air, Unknown Size",000,1,1
JV4206,3000038831,NA,"CFS: LCL, consolidator lod",891,1670255274,DHL,,"November 3, 2023","Air, Unknown Size",000,1,1
JV4206,3000038836,NA,"CFS: LCL, consolidator lod",891,1670255274,DHL,,"November 3, 2023","Air, Unknown Size",000,1,1
JV4206,3000038852,NA,"CFS: LCL, consolidator lod",891,1670255274,DHL,,"November 3, 2023","Air, Unknown Size",000,1,1
JV4206,3000038859,NA,"CFS: LCL, consolidator lod",891,1670255274,DHL,,"November 3, 2023","Air, Unknown Size",000,1,1
JV4206,3000038887,NA,"CFS: LCL, consolidator lod",891,1670255274,DHL,,"November 3, 2023","Air, Unknown Size",000,1,1
JV4206,3000039000,NA,"CFS: LCL, consolidator lod",891,1670255274,DHL,,"November 3, 2023","Air, Unknown Size",000,1,1
JV4206,3000039198,NA,"CFS: LCL, consolidator lod",891,1670255274,DHL,,"November 3, 2023","Air, Unknown Size",000,1,1
JV4206,3000039210,NA,"CFS: LCL, consolidator lod",891,1670255274,DHL,,"November 3, 2023","Air, Unknown Size",000,1,1
JV4206,3000039236,NA,"CFS: LCL, consolidator lod",891,1670255274,DHL,,"November 3, 2023","Air, Unknown Size",000,1,1
JV4206,3000039873,NA,"CFS: LCL, consolidator lod",891,1670255274,DHL,,"November 3, 2023","Air, Unknown Size",000,1,1
JV4206,3000039883,NA,"CFS: LCL, consolidator lod",891,1670255274,DHL,,"November 3, 2023","Air, Unknown Size",000,1,1
JV4206,3000039896,NA,"CFS: LCL, consolidator lod",891,1670255274,DHL,,"November 3, 2023","Air, Unknown Size",000,1,1
JV4206,3000040511,NA,"CFS: LCL, consolidator lod",891,1670255274,DHL,,"November 3, 2023","Air, Unknown Size",000,1,1
JV4206,3000040565,NA,"CFS: LCL, consolidator lod",891,1670255274,DHL,,"November 3, 2023","Air, Unknown Size",000,1,1
JV4206,3000040570,NA,"CFS: LCL, consolidator lod",891,1670255274,DHL,,"November 3, 2023","Air, Unknown Size",000,1,1
JV4206,3000040681,NA,"CFS: LCL, consolidator lod",891,1670255274,DHL,,"November 3, 2023","Air, Unknown Size",000,1,1
JV4206,3000040694,NA,"CFS: LCL, consolidator lod",891,1670255274,DHL,,"November 3, 2023","Air, Unknown Size",000,1,1
JV4206,3000042061,NA,"CFS: LCL, consolidator lod",891,1670255274,DHL,,"November 3, 2023","Air, Unknown Size",000,1,1
JV4206,3000042099,NA,"CFS: LCL, consolidator lod",891,1670255274,DHL,,"November 3, 2023","Air, Unknown Size",000,1,1
JV4206,3000042108,NA,"CFS: LCL, consolidator lod",891,1670255274,DHL,,"November 3, 2023","Air, Unknown Size",000,1,1
JV4206,3000036172,NA,"CFS: LCL, consolidator lod",892,7291538240,DHL,,"November 3, 2023","Air, Unknown Size",000,1,6
JV4206,3000036175,NA,"CFS: LCL, consolidator lod",892,7291538240,DHL,,"November 3, 2023","Air, Unknown Size",000,1,2
JV4206,3000036207,NA,"CFS: LCL, consolidator lod",892,7291538240,DHL,,"November 3, 2023","Air, Unknown Size",000,1,2
JV4206,3000036252,NA,"CFS: LCL, consolidator lod",892,7291538240,DHL,,"November 3, 2023","Air, Unknown Size",000,1,6
JV4206,3000036283,NA,"CFS: LCL, consolidator lod",892,7291538240,DHL,,"November 3, 2023","Air, Unknown Size",000,1,2
JV4206,3000036308,NA,"CFS: LCL, consolidator lod",892,7291538240,DHL,,"November 3, 2023","Air, Unknown Size",000,1,1
JV4206,3000036310,NA,"CFS: LCL, consolidator lod",892,7291538240,DHL,,"November 3, 2023","Air, Unknown Size",000,1,2
JV4206,3000036362,NA,"CFS: LCL, consolidator lod",892,7291538240,DHL,,"November 3, 2023","Air, Unknown Size",000,1,6
JV4206,3000036363,NA,"CFS: LCL, consolidator lod",892,7291538240,DHL,,"November 3, 2023","Air, Unknown Size",000,1,2
JV4206,3000036432,NA,"CFS: LCL, consolidator lod",892,7291538240,DHL,,"November 3, 2023","Air, Unknown Size",000,1,2
JV4206,3000036444,NA,"CFS: LCL, consolidator lod",892,7291538240,DHL,,"November 3, 2023","Air, Unknown Size",000,1,2
JV4206,3000036492,NA,"CFS: LCL, consolidator lod",892,7291538240,DHL,,"November 3, 2023","Air, Unknown Size",000,1,2
JV4206,3000036532,NA,"CFS: LCL, consolidator lod",892,7291538240,DHL,,"November 3, 2023","Air, Unknown Size",000,1,2
JV4206,3000036548,NA,"CFS: LCL, consolidator lod",892,7291538240,DHL,,"November 3, 2023","Air, Unknown Size",000,1,6
JV4206,3000036550,NA,"CFS: LCL, consolidator lod",892,7291538240,DHL,,"November 3, 2023","Air, Unknown Size",000,1,2
JV4206,3000036587,NA,"CFS: LCL, consolidator lod",892,7291538240,DHL,,"November 3, 2023","Air, Unknown Size",000,1,6
JV4206,3000036589,NA,"CFS: LCL, consolidator lod",892,7291538240,DHL,,"November 3, 2023","Air, Unknown Size",000,1,2
JV4206,3000036658,NA,"CFS: LCL, consolidator lod",892,7291538240,DHL,,"November 3, 2023","Air, Unknown Size",000,1,6
JV4206,3000036667,NA,"CFS: LCL, consolidator lod",892,7291538240,DHL,,"November 3, 2023","Air, Unknown Size",000,1,6
JV4206,3000036669,NA,"CFS: LCL, consolidator lod",892,7291538240,DHL,,"November 3, 2023","Air, Unknown Size",000,1,2
JV4206,3000036688,NA,"CFS: LCL, consolidator lod",892,7291538240,DHL,,"November 3, 2023","Air, Unknown Size",000,1,2
JV4206,3000036698,NA,"CFS: LCL, consolidator lod",892,7291538240,DHL,,"November 3, 2023","Air, Unknown Size",000,1,6
JV4206,3000036700,NA,"CFS: LCL, consolidator lod",892,7291538240,DHL,,"November 3, 2023","Air, Unknown Size",000,1,2
JV4206,3000037420,NA,"CFS: LCL, consolidator lod",892,7291538240,DHL,,"November 3, 2023","Air, Unknown Size",000,1,6
JV4206,3000037454,NA,"CFS: LCL, consolidator lod",892,7291538240,DHL,,"November 3, 2023","Air, Unknown Size",000,1,6
JV4206,3000037455,NA,"CFS: LCL, consolidator lod",892,7291538240,DHL,,"November 3, 2023","Air, Unknown Size",000,1,2
JV4206,3000037485,NA,"CFS: LCL, consolidator lod",892,7291538240,DHL,,"November 3, 2023","Air, Unknown Size",000,1,6
JV4206,3000037488,NA,"CFS: LCL, consolidator lod",892,7291538240,DHL,,"November 3, 2023","Air, Unknown Size",000,1,2
JV4206,3000037498,NA,"CFS: LCL, consolidator lod",892,7291538240,DHL,,"November 3, 2023","Air, Unknown Size",000,1,6
JV4206,3000037518,NA,"CFS: LCL, consolidator lod",892,7291538240,DHL,,"November 3, 2023","Air, Unknown Size",000,1,2
JV4206,3000037528,NA,"CFS: LCL, consolidator lod",892,7291538240,DHL,,"November 3, 2023","Air, Unknown Size",000,1,6
JV4206,3000037529,NA,"CFS: LCL, consolidator lod",892,7291538240,DHL,,"November 3, 2023","Air, Unknown Size",000,1,2
JV4206,3000037575,NA,"CFS: LCL, consolidator lod",892,7291538240,DHL,,"November 3, 2023","Air, Unknown Size",000,1,6
JV4206,3000037594,NA,"CFS: LCL, consolidator lod",892,7291538240,DHL,,"November 3, 2023","Air, Unknown Size",000,1,6
JV4206,3000037608,NA,"CFS: LCL, consolidator lod",892,7291538240,DHL,,"November 3, 2023","Air, Unknown Size",000,1,6
JV4206,3000037610,NA,"CFS: LCL, consolidator lod",892,7291538240,DHL,,"November 3, 2023","Air, Unknown Size",000,1,2
JV4206,3000037641,NA,"CFS: LCL, consolidator lod",892,7291538240,DHL,,"November 3, 2023","Air, Unknown Size",000,1,6
JV4206,3000037656,NA,"CFS: LCL, consolidator lod",892,7291538240,DHL,,"November 3, 2023","Air, Unknown Size",000,1,1
JV4206,3000037672,NA,"CFS: LCL, consolidator lod",892,7291538240,DHL,,"November 3, 2023","Air, Unknown Size",000,1,1
JV4206,3000037722,NA,"CFS: LCL, consolidator lod",892,7291538240,DHL,,"November 3, 2023","Air, Unknown Size",000,1,6
JV4206,3000037730,NA,"CFS: LCL, consolidator lod",892,7291538240,DHL,,"November 3, 2023","Air, Unknown Size",000,1,6
JV4206,3000037795,NA,"CFS: LCL, consolidator lod",892,7291538240,DHL,,"November 3, 2023","Air, Unknown Size",000,1,1
JV4206,3000038709,NA,"CFS: LCL, consolidator lod",892,7291538240,DHL,,"November 3, 2023","Air, Unknown Size",000,1,1
JV4206,3000038712,NA,"CFS: LCL, consolidator lod",892,7291538240,DHL,,"November 3, 2023","Air, Unknown Size",000,1,2
JV4206,3000038726,NA,"CFS: LCL, consolidator lod",892,7291538240,DHL,,"November 3, 2023","Air, Unknown Size",000,1,1
JV4206,3000038727,NA,"CFS: LCL, consolidator lod",892,7291538240,DHL,,"November 3, 2023","Air, Unknown Size",000,1,2
JV4206,3000038861,NA,"CFS: LCL, consolidator lod",892,7291538240,DHL,,"November 3, 2023","Air, Unknown Size",000,1,1
JV4206,3000039239,NA,"CFS: LCL, consolidator lod",892,7291538240,DHL,,"November 3, 2023","Air, Unknown Size",000,1,6
JV4206,3000039241,NA,"CFS: LCL, consolidator lod",892,7291538240,DHL,,"November 3, 2023","Air, Unknown Size",000,1,2
JV4206,3000039869,NA,"CFS: LCL, consolidator lod",892,7291538240,DHL,,"November 3, 2023","Air, Unknown Size",000,1,6
JV4206,3000039886,NA,"CFS: LCL, consolidator lod",892,7291538240,DHL,,"November 3, 2023","Air, Unknown Size",000,1,6
JV4206,3000039899,NA,"CFS: LCL, consolidator lod",892,7291538240,DHL,,"November 3, 2023","Air, Unknown Size",000,1,6
JV4206,3000040137,NA,"CFS: LCL, consolidator lod",892,7291538240,DHL,,"November 3, 2023","Air, Unknown Size",000,1,6
JV4206,3000040139,NA,"CFS: LCL, consolidator lod",892,7291538240,DHL,,"November 3, 2023","Air, Unknown Size",000,1,2
JV4206,3000040172,NA,"CFS: LCL, consolidator lod",892,7291538240,DHL,,"November 3, 2023","Air, Unknown Size",000,1,6
JV4206,3000040175,NA,"CFS: LCL, consolidator lod",892,7291538240,DHL,,"November 3, 2023","Air, Unknown Size",000,1,2
JV4206,3000040684,NA,"CFS: LCL, consolidator lod",892,7291538240,DHL,,"November 3, 2023","Air, Unknown Size",000,1,6
JV4206,3000040686,NA,"CFS: LCL, consolidator lod",892,7291538240,DHL,,"November 3, 2023","Air, Unknown Size",000,1,2
JV4206,3000040696,NA,"CFS: LCL, consolidator lod",892,7291538240,DHL,,"November 3, 2023","Air, Unknown Size",000,1,6
JV4206,3000040698,NA,"CFS: LCL, consolidator lod",892,7291538240,DHL,,"November 3, 2023","Air, Unknown Size",000,1,2
JV4206,3000040703,NA,"CFS: LCL, consolidator lod",892,7291538240,DHL,,"November 3, 2023","Air, Unknown Size",000,1,6
JV4206,3000040724,NA,"CFS: LCL, consolidator lod",892,7291538240,DHL,,"November 3, 2023","Air, Unknown Size",000,1,6
JV4206,3000042018,NA,"CFS: LCL, consolidator lod",892,7291538240,DHL,,"November 3, 2023","Air, Unknown Size",000,1,6
JV4206,3000042020,NA,"CFS: LCL, consolidator lod",892,7291538240,DHL,,"November 3, 2023","Air, Unknown Size",000,1,2
JV4206,3000042032,NA,"CFS: LCL, consolidator lod",892,7291538240,DHL,,"November 3, 2023","Air, Unknown Size",000,1,6
JV4206,3000042033,NA,"CFS: LCL, consolidator lod",892,7291538240,DHL,,"November 3, 2023","Air, Unknown Size",000,1,2
JV4206,3000042064,NA,"CFS: LCL, consolidator lod",892,7291538240,DHL,,"November 3, 2023","Air, Unknown Size",000,1,6
JV4206,3000042066,NA,"CFS: LCL, consolidator lod",892,7291538240,DHL,,"November 3, 2023","Air, Unknown Size",000,1,2
JV4206,3000042077,NA,"CFS: LCL, consolidator lod",892,7291538240,DHL,,"November 3, 2023","Air, Unknown Size",000,1,6
JV4206,3000042089,NA,"CFS: LCL, consolidator lod",892,7291538240,DHL,,"November 3, 2023","Air, Unknown Size",000,1,6
JV4206,3000036115,NA,"CFS: LCL, consolidator lod",893,7291529070,DHL,,"November 3, 2023","Air, Unknown Size",000,1,1
JV4206,3000036127,NA,"CFS: LCL, consolidator lod",893,7291529070,DHL,,"November 3, 2023","Air, Unknown Size",000,1,1
JV4206,3000036128,NA,"CFS: LCL, consolidator lod",893,7291529070,DHL,,"November 3, 2023","Air, Unknown Size",000,1,1
JV4206,3000036170,NA,"CFS: LCL, consolidator lod",893,7291529070,DHL,,"November 3, 2023","Air, Unknown Size",000,1,1
JV4206,3000036171,NA,"CFS: LCL, consolidator lod",893,7291529070,DHL,,"November 3, 2023","Air, Unknown Size",000,1,1
JV4206,3000036173,NA,"CFS: LCL, consolidator lod",893,7291529070,DHL,,"November 3, 2023","Air, Unknown Size",000,1,3
JV4206,3000036193,NA,"CFS: LCL, consolidator lod",893,7291529070,DHL,,"November 3, 2023","Air, Unknown Size",000,1,1
JV4206,3000036205,NA,"CFS: LCL, consolidator lod",893,7291529070,DHL,,"November 3, 2023","Air, Unknown Size",000,1,1
JV4206,3000036206,NA,"CFS: LCL, consolidator lod",893,7291529070,DHL,,"November 3, 2023","Air, Unknown Size",000,1,3
JV4206,3000036250,NA,"CFS: LCL, consolidator lod",893,7291529070,DHL,,"November 3, 2023","Air, Unknown Size",000,1,1
JV4206,3000036251,NA,"CFS: LCL, consolidator lod",893,7291529070,DHL,,"November 3, 2023","Air, Unknown Size",000,1,1
JV4206,3000036281,NA,"CFS: LCL, consolidator lod",893,7291529070,DHL,,"November 3, 2023","Air, Unknown Size",000,1,1
JV4206,3000036282,NA,"CFS: LCL, consolidator lod",893,7291529070,DHL,,"November 3, 2023","Air, Unknown Size",000,1,3
JV4206,3000036307,NA,"CFS: LCL, consolidator lod",893,7291529070,DHL,,"November 3, 2023","Air, Unknown Size",000,1,1
JV4206,3000036309,NA,"CFS: LCL, consolidator lod",893,7291529070,DHL,,"November 3, 2023","Air, Unknown Size",000,1,3
JV4206,3000036360,NA,"CFS: LCL, consolidator lod",893,7291529070,DHL,,"November 3, 2023","Air, Unknown Size",000,1,1
JV4206,3000036361,NA,"CFS: LCL, consolidator lod",893,7291529070,DHL,,"November 3, 2023","Air, Unknown Size",000,1,1
JV4206,3000036364,NA,"CFS: LCL, consolidator lod",893,7291529070,DHL,,"November 3, 2023","Air, Unknown Size",000,1,3
JV4206,3000036374,NA,"CFS: LCL, consolidator lod",893,7291529070,DHL,,"November 3, 2023","Air, Unknown Size",000,1,1
JV4206,3000036429,NA,"CFS: LCL, consolidator lod",893,7291529070,DHL,,"November 3, 2023","Air, Unknown Size",000,1,1
JV4206,3000036430,NA,"CFS: LCL, consolidator lod",893,7291529070,DHL,,"November 3, 2023","Air, Unknown Size",000,1,3
JV4206,3000058062,NA,"CFS: LCL, consolidator lod",893,7291529070,DHL,,"November 3, 2023","Air, Unknown Size",000,1,1
JV4206,3000036443,NA,"CFS: LCL, consolidator lod",893,7291529070,DHL,,"November 3, 2023","Air, Unknown Size",000,1,1
JV4206,3000036445,NA,"CFS: LCL, consolidator lod",893,7291529070,DHL,,"November 3, 2023","Air, Unknown Size",000,1,3
JV4206,3000036456,NA,"CFS: LCL, consolidator lod",893,7291529070,DHL,,"November 3, 2023","Air, Unknown Size",000,1,1
JV4206,3000036469,NA,"CFS: LCL, consolidator lod",893,7291529070,DHL,,"November 3, 2023","Air, Unknown Size",000,1,1
JV4206,3000036478,NA,"CFS: LCL, consolidator lod",893,7291529070,DHL,,"November 3, 2023","Air, Unknown Size",000,1,1
JV4206,3000036490,NA,"CFS: LCL, consolidator lod",893,7291529070,DHL,,"November 3, 2023","Air, Unknown Size",000,1,1
JV4206,3000036491,NA,"CFS: LCL, consolidator lod",893,7291529070,DHL,,"November 3, 2023","Air, Unknown Size",000,1,3
JV4206,3000036530,NA,"CFS: LCL, consolidator lod",893,7291529070,DHL,,"November 3, 2023","Air, Unknown Size",000,1,1
JV4206,3000036531,NA,"CFS: LCL, consolidator lod",893,7291529070,DHL,,"November 3, 2023","Air, Unknown Size",000,1,3
JV4206,3000036545,NA,"CFS: LCL, consolidator lod",893,7291529070,DHL,,"November 3, 2023","Air, Unknown Size",000,1,1
JV4206,3000036546,NA,"CFS: LCL, consolidator lod",893,7291529070,DHL,,"November 3, 2023","Air, Unknown Size",000,1,1
JV4206,3000036547,NA,"CFS: LCL, consolidator lod",893,7291529070,DHL,,"November 3, 2023","Air, Unknown Size",000,1,3
JV4206,3000036584,NA,"CFS: LCL, consolidator lod",893,7291529070,DHL,,"November 3, 2023","Air, Unknown Size",000,1,1
JV4206,3000036585,NA,"CFS: LCL, consolidator lod",893,7291529070,DHL,,"November 3, 2023","Air, Unknown Size",000,1,1
JV4206,3000036586,NA,"CFS: LCL, consolidator lod",893,7291529070,DHL,,"November 3, 2023","Air, Unknown Size",000,1,3
JV4206,3000036617,NA,"CFS: LCL, consolidator lod",893,7291529070,DHL,,"November 3, 2023","Air, Unknown Size",000,1,1
JV4206,3000036628,NA,"CFS: LCL, consolidator lod",893,7291529070,DHL,,"November 3, 2023","Air, Unknown Size",000,1,1
JV4206,3000036633,NA,"CFS: LCL, consolidator lod",893,7291529070,DHL,,"November 3, 2023","Air, Unknown Size",000,1,1
JV4206,3000036640,NA,"CFS: LCL, consolidator lod",893,7291529070,DHL,,"November 3, 2023","Air, Unknown Size",000,1,1
JV4206,3000036656,NA,"CFS: LCL, consolidator lod",893,7291529070,DHL,,"November 3, 2023","Air, Unknown Size",000,1,1
JV4206,3000036657,NA,"CFS: LCL, consolidator lod",893,7291529070,DHL,,"November 3, 2023","Air, Unknown Size",000,1,1
JV4206,3000036664,NA,"CFS: LCL, consolidator lod",893,7291529070,DHL,,"November 3, 2023","Air, Unknown Size",000,1,1
JV4206,3000036665,NA,"CFS: LCL, consolidator lod",893,7291529070,DHL,,"November 3, 2023","Air, Unknown Size",000,1,1
JV4206,3000036668,NA,"CFS: LCL, consolidator lod",893,7291529070,DHL,,"November 3, 2023","Air, Unknown Size",000,1,3
JV4206,3000036679,NA,"CFS: LCL, consolidator lod",893,7291529070,DHL,,"November 3, 2023","Air, Unknown Size",000,1,1
JV4206,3000036686,NA,"CFS: LCL, consolidator lod",893,7291529070,DHL,,"November 3, 2023","Air, Unknown Size",000,1,1
JV4206,3000036687,NA,"CFS: LCL, consolidator lod",893,7291529070,DHL,,"November 3, 2023","Air, Unknown Size",000,1,3
JV4206,3000036696,NA,"CFS: LCL, consolidator lod",893,7291529070,DHL,,"November 3, 2023","Air, Unknown Size",000,1,1
JV4206,3000036697,NA,"CFS: LCL, consolidator lod",893,7291529070,DHL,,"November 3, 2023","Air, Unknown Size",000,1,1
JV4206,3000036699,NA,"CFS: LCL, consolidator lod",893,7291529070,DHL,,"November 3, 2023","Air, Unknown Size",000,1,3
JV4206,3000037415,NA,"CFS: LCL, consolidator lod",893,7291529070,DHL,,"November 3, 2023","Air, Unknown Size",000,1,1
JV4206,3000037416,NA,"CFS: LCL, consolidator lod",893,7291529070,DHL,,"November 3, 2023","Air, Unknown Size",000,1,1
JV4206,3000037426,NA,"CFS: LCL, consolidator lod",893,7291529070,DHL,,"November 3, 2023","Air, Unknown Size",000,1,1
JV4206,3000037434,NA,"CFS: LCL, consolidator lod",893,7291529070,DHL,,"November 3, 2023","Air, Unknown Size",000,1,1
JV4206,3000037442,NA,"CFS: LCL, consolidator lod",893,7291529070,DHL,,"November 3, 2023","Air, Unknown Size",000,1,1
JV4206,3000037451,NA,"CFS: LCL, consolidator lod",893,7291529070,DHL,,"November 3, 2023","Air, Unknown Size",000,1,1
JV4206,3000037452,NA,"CFS: LCL, consolidator lod",893,7291529070,DHL,,"November 3, 2023","Air, Unknown Size",000,1,1
JV4206,3000037453,NA,"CFS: LCL, consolidator lod",893,7291529070,DHL,,"November 3, 2023","Air, Unknown Size",000,1,3
JV4206,3000037482,NA,"CFS: LCL, consolidator lod",893,7291529070,DHL,,"November 3, 2023","Air, Unknown Size",000,1,1
JV4206,3000037484,NA,"CFS: LCL, consolidator lod",893,7291529070,DHL,,"November 3, 2023","Air, Unknown Size",000,1,1
JV4206,3000037486,NA,"CFS: LCL, consolidator lod",893,7291529070,DHL,,"November 3, 2023","Air, Unknown Size",000,1,3
JV4206,3000037496,NA,"CFS: LCL, consolidator lod",893,7291529070,DHL,,"November 3, 2023","Air, Unknown Size",000,1,1
JV4206,3000037497,NA,"CFS: LCL, consolidator lod",893,7291529070,DHL,,"November 3, 2023","Air, Unknown Size",000,1,1
JV4206,3000037507,NA,"CFS: LCL, consolidator lod",893,7291529070,DHL,,"November 3, 2023","Air, Unknown Size",000,1,1
JV4206,3000037515,NA,"CFS: LCL, consolidator lod",893,7291529070,DHL,,"November 3, 2023","Air, Unknown Size",000,1,1
JV4206,3000037516,NA,"CFS: LCL, consolidator lod",893,7291529070,DHL,,"November 3, 2023","Air, Unknown Size",000,1,3
JV4206,3000037526,NA,"CFS: LCL, consolidator lod",893,7291529070,DHL,,"November 3, 2023","Air, Unknown Size",000,1,1
JV4206,3000037527,NA,"CFS: LCL, consolidator lod",893,7291529070,DHL,,"November 3, 2023","Air, Unknown Size",000,1,1
JV4206,3000037530,NA,"CFS: LCL, consolidator lod",893,7291529070,DHL,,"November 3, 2023","Air, Unknown Size",000,1,3
JV4206,3000037573,NA,"CFS: LCL, consolidator lod",893,7291529070,DHL,,"November 3, 2023","Air, Unknown Size",000,1,1
JV4206,3000037574,NA,"CFS: LCL, consolidator lod",893,7291529070,DHL,,"November 3, 2023","Air, Unknown Size",000,1,1
JV4206,3000037584,NA,"CFS: LCL, consolidator lod",893,7291529070,DHL,,"November 3, 2023","Air, Unknown Size",000,1,1
JV4206,3000037592,NA,"CFS: LCL, consolidator lod",893,7291529070,DHL,,"November 3, 2023","Air, Unknown Size",000,1,1
JV4206,3000037593,NA,"CFS: LCL, consolidator lod",893,7291529070,DHL,,"November 3, 2023","Air, Unknown Size",000,1,1
JV4206,3000037606,NA,"CFS: LCL, consolidator lod",893,7291529070,DHL,,"November 3, 2023","Air, Unknown Size",000,1,1
JV4206,3000037607,NA,"CFS: LCL, consolidator lod",893,7291529070,DHL,,"November 3, 2023","Air, Unknown Size",000,1,1
JV4206,3000037609,NA,"CFS: LCL, consolidator lod",893,7291529070,DHL,,"November 3, 2023","Air, Unknown Size",000,1,3
JV4206,3000037639,NA,"CFS: LCL, consolidator lod",893,7291529070,DHL,,"November 3, 2023","Air, Unknown Size",000,1,1
JV4206,3000037640,NA,"CFS: LCL, consolidator lod",893,7291529070,DHL,,"November 3, 2023","Air, Unknown Size",000,1,1
JV4206,3000037655,NA,"CFS: LCL, consolidator lod",893,7291529070,DHL,,"November 3, 2023","Air, Unknown Size",000,1,1
JV4206,3000037671,NA,"CFS: LCL, consolidator lod",893,7291529070,DHL,,"November 3, 2023","Air, Unknown Size",000,1,1
JV4206,3000037718,NA,"CFS: LCL, consolidator lod",893,7291529070,DHL,,"November 3, 2023","Air, Unknown Size",000,1,1
JV4206,3000037721,NA,"CFS: LCL, consolidator lod",893,7291529070,DHL,,"November 3, 2023","Air, Unknown Size",000,1,1
JV4206,3000037728,NA,"CFS: LCL, consolidator lod",893,7291529070,DHL,,"November 3, 2023","Air, Unknown Size",000,1,1
JV4206,3000037731,NA,"CFS: LCL, consolidator lod",893,7291529070,DHL,,"November 3, 2023","Air, Unknown Size",000,1,1
JV4206,3000037741,NA,"CFS: LCL, consolidator lod",893,7291529070,DHL,,"November 3, 2023","Air, Unknown Size",000,1,1
JV4206,3000037794,NA,"CFS: LCL, consolidator lod",893,7291529070,DHL,,"November 3, 2023","Air, Unknown Size",000,1,1
JV4206,3000038234,NA,"CFS: LCL, consolidator lod",893,7291529070,DHL,,"November 3, 2023","Air, Unknown Size",000,1,1
JV4206,3000038245,NA,"CFS: LCL, consolidator lod",893,7291529070,DHL,,"November 3, 2023","Air, Unknown Size",000,1,1
JV4206,3000038343,NA,"CFS: LCL, consolidator lod",893,7291529070,DHL,,"November 3, 2023","Air, Unknown Size",000,1,1
JV4206,3000038708,NA,"CFS: LCL, consolidator lod",893,7291529070,DHL,,"November 3, 2023","Air, Unknown Size",000,1,1
JV4206,3000038710,NA,"CFS: LCL, consolidator lod",893,7291529070,DHL,,"November 3, 2023","Air, Unknown Size",000,1,3
JV4206,3000038717,NA,"CFS: LCL, consolidator lod",893,7291529070,DHL,,"November 3, 2023","Air, Unknown Size",000,1,1
JV4206,3000038725,NA,"CFS: LCL, consolidator lod",893,7291529070,DHL,,"November 3, 2023","Air, Unknown Size",000,1,1
JV4206,3000038728,NA,"CFS: LCL, consolidator lod",893,7291529070,DHL,,"November 3, 2023","Air, Unknown Size",000,1,3
JV4206,3000038830,NA,"CFS: LCL, consolidator lod",893,7291529070,DHL,,"November 3, 2023","Air, Unknown Size",000,1,1
JV4206,3000038837,NA,"CFS: LCL, consolidator lod",893,7291529070,DHL,,"November 3, 2023","Air, Unknown Size",000,1,1
JV4206,3000038853,NA,"CFS: LCL, consolidator lod",893,7291529070,DHL,,"November 3, 2023","Air, Unknown Size",000,1,1
JV4206,3000038860,NA,"CFS: LCL, consolidator lod",893,7291529070,DHL,,"November 3, 2023","Air, Unknown Size",000,1,1
JV4206,3000038876,NA,"CFS: LCL, consolidator lod",893,7291529070,DHL,,"November 3, 2023","Air, Unknown Size",000,1,1
JV4206,3000038889,NA,"CFS: LCL, consolidator lod",893,7291529070,DHL,,"November 3, 2023","Air, Unknown Size",000,1,1
JV4206,3000039002,NA,"CFS: LCL, consolidator lod",893,7291529070,DHL,,"November 3, 2023","Air, Unknown Size",000,1,1
JV4206,3000039199,NA,"CFS: LCL, consolidator lod",893,7291529070,DHL,,"November 3, 2023","Air, Unknown Size",000,1,1
JV4206,3000039211,NA,"CFS: LCL, consolidator lod",893,7291529070,DHL,,"November 3, 2023","Air, Unknown Size",000,1,1
JV4206,3000039237,NA,"CFS: LCL, consolidator lod",893,7291529070,DHL,,"November 3, 2023","Air, Unknown Size",000,1,1
JV4206,3000039238,NA,"CFS: LCL, consolidator lod",893,7291529070,DHL,,"November 3, 2023","Air, Unknown Size",000,1,1
JV4206,3000039240,NA,"CFS: LCL, consolidator lod",893,7291529070,DHL,,"November 3, 2023","Air, Unknown Size",000,1,3
JV4206,3000039865,NA,"CFS: LCL, consolidator lod",893,7291529070,DHL,,"November 3, 2023","Air, Unknown Size",000,1,1
JV4206,3000039874,NA,"CFS: LCL, consolidator lod",893,7291529070,DHL,,"November 3, 2023","Air, Unknown Size",000,1,1
JV4206,3000039884,NA,"CFS: LCL, consolidator lod",893,7291529070,DHL,,"November 3, 2023","Air, Unknown Size",000,1,1
JV4206,3000039885,NA,"CFS: LCL, consolidator lod",893,7291529070,DHL,,"November 3, 2023","Air, Unknown Size",000,1,1
JV4206,3000039897,NA,"CFS: LCL, consolidator lod",893,7291529070,DHL,,"November 3, 2023","Air, Unknown Size",000,1,1
JV4206,3000039898,NA,"CFS: LCL, consolidator lod",893,7291529070,DHL,,"November 3, 2023","Air, Unknown Size",000,1,1
JV4206,3000039945,NA,"CFS: LCL, consolidator lod",893,7291529070,DHL,,"November 3, 2023","Air, Unknown Size",000,1,1
JV4206,3000039956,NA,"CFS: LCL, consolidator lod",893,7291529070,DHL,,"November 3, 2023","Air, Unknown Size",000,1,1
JV4206,3000040128,NA,"CFS: LCL, consolidator lod",893,7291529070,DHL,,"November 3, 2023","Air, Unknown Size",000,1,1
JV4206,3000040135,NA,"CFS: LCL, consolidator lod",893,7291529070,DHL,,"November 3, 2023","Air, Unknown Size",000,1,1
JV4206,3000040136,NA,"CFS: LCL, consolidator lod",893,7291529070,DHL,,"November 3, 2023","Air, Unknown Size",000,1,1
JV4206,3000040138,NA,"CFS: LCL, consolidator lod",893,7291529070,DHL,,"November 3, 2023","Air, Unknown Size",000,1,3
JV4206,3000040170,NA,"CFS: LCL, consolidator lod",893,7291529070,DHL,,"November 3, 2023","Air, Unknown Size",000,1,1
JV4206,3000040171,NA,"CFS: LCL, consolidator lod",893,7291529070,DHL,,"November 3, 2023","Air, Unknown Size",000,1,1
JV4206,3000040173,NA,"CFS: LCL, consolidator lod",893,7291529070,DHL,,"November 3, 2023","Air, Unknown Size",000,1,3
JV4206,3000040513,NA,"CFS: LCL, consolidator lod",893,7291529070,DHL,,"November 3, 2023","Air, Unknown Size",000,1,1
JV4206,3000040567,NA,"CFS: LCL, consolidator lod",893,7291529070,DHL,,"November 3, 2023","Air, Unknown Size",000,1,1
JV4206,3000040575,NA,"CFS: LCL, consolidator lod",893,7291529070,DHL,,"November 3, 2023","Air, Unknown Size",000,1,1
JV4206,3000040576,NA,"CFS: LCL, consolidator lod",893,7291529070,DHL,,"November 3, 2023","Air, Unknown Size",000,1,1
JV4206,3000040682,NA,"CFS: LCL, consolidator lod",893,7291529070,DHL,,"November 3, 2023","Air, Unknown Size",000,1,1
JV4206,3000040683,NA,"CFS: LCL, consolidator lod",893,7291529070,DHL,,"November 3, 2023","Air, Unknown Size",000,1,1
JV4206,3000040685,NA,"CFS: LCL, consolidator lod",893,7291529070,DHL,,"November 3, 2023","Air, Unknown Size",000,1,3
JV4206,3000040693,NA,"CFS: LCL, consolidator lod",893,7291529070,DHL,,"November 3, 2023","Air, Unknown Size",000,1,1
JV4206,3000040695,NA,"CFS: LCL, consolidator lod",893,7291529070,DHL,,"November 3, 2023","Air, Unknown Size",000,1,1
JV4206,3000040697,NA,"CFS: LCL, consolidator lod",893,7291529070,DHL,,"November 3, 2023","Air, Unknown Size",000,1,3
JV4206,3000040704,NA,"CFS: LCL, consolidator lod",893,7291529070,DHL,,"November 3, 2023","Air, Unknown Size",000,1,1
JV4206,3000040706,NA,"CFS: LCL, consolidator lod",893,7291529070,DHL,,"November 3, 2023","Air, Unknown Size",000,1,1
JV4206,3000040721,NA,"CFS: LCL, consolidator lod",893,7291529070,DHL,,"November 3, 2023","Air, Unknown Size",000,1,1
JV4206,3000040723,NA,"CFS: LCL, consolidator lod",893,7291529070,DHL,,"November 3, 2023","Air, Unknown Size",000,1,1
JV4206,3000042016,NA,"CFS: LCL, consolidator lod",893,7291529070,DHL,,"November 3, 2023","Air, Unknown Size",000,1,1
JV4206,3000042017,NA,"CFS: LCL, consolidator lod",893,7291529070,DHL,,"November 3, 2023","Air, Unknown Size",000,1,1
JV4206,3000042019,NA,"CFS: LCL, consolidator lod",893,7291529070,DHL,,"November 3, 2023","Air, Unknown Size",000,1,3
JV4206,3000042030,NA,"CFS: LCL, consolidator lod",893,7291529070,DHL,,"November 3, 2023","Air, Unknown Size",000,1,1
JV4206,3000042031,NA,"CFS: LCL, consolidator lod",893,7291529070,DHL,,"November 3, 2023","Air, Unknown Size",000,1,1
JV4206,3000042034,NA,"CFS: LCL, consolidator lod",893,7291529070,DHL,,"November 3, 2023","Air, Unknown Size",000,1,3
JV4206,3000042062,NA,"CFS: LCL, consolidator lod",893,7291529070,DHL,,"November 3, 2023","Air, Unknown Size",000,1,1
JV4206,3000042063,NA,"CFS: LCL, consolidator lod",893,7291529070,DHL,,"November 3, 2023","Air, Unknown Size",000,1,1
JV4206,3000042065,NA,"CFS: LCL, consolidator lod",893,7291529070,DHL,,"November 3, 2023","Air, Unknown Size",000,1,3
JV4206,3000042076,NA,"CFS: LCL, consolidator lod",893,7291529070,DHL,,"November 3, 2023","Air, Unknown Size",000,1,1
JV4206,3000042078,NA,"CFS: LCL, consolidator lod",893,7291529070,DHL,,"November 3, 2023","Air, Unknown Size",000,1,1
JV4206,3000042088,NA,"CFS: LCL, consolidator lod",893,7291529070,DHL,,"November 3, 2023","Air, Unknown Size",000,1,1
JV4206,3000042090,NA,"CFS: LCL, consolidator lod",893,7291529070,DHL,,"November 3, 2023","Air, Unknown Size",000,1,1
JV4206,3000042100,NA,"CFS: LCL, consolidator lod",893,7291529070,DHL,,"November 3, 2023","Air, Unknown Size",000,1,1
JV4206,3000042107,NA,"CFS: LCL, consolidator lod",893,7291529070,DHL,,"November 3, 2023","Air, Unknown Size",000,1,1
JV4206,3000042116,NA,"CFS: LCL, consolidator lod",893,7291529070,DHL,,"November 3, 2023","Air, Unknown Size",000,1,1
JV4206,3000042127,NA,"CFS: LCL, consolidator lod",893,7291529070,DHL,,"November 3, 2023","Air, Unknown Size",000,1,1
JV4206,3000042684,NA,"CFS: LCL, consolidator lod",893,7291529070,DHL,,"November 3, 2023","Air, Unknown Size",000,1,1
JV4206,3000042695,NA,"CFS: LCL, consolidator lod",893,7291529070,DHL,,"November 3, 2023","Air, Unknown Size",000,1,1
